{"ID":"ID-MTI3LjAuMC","IP":"127.0.0.1","REDIRECT":"0","CURRENT_PAGE":"INSTRUCTIONS 2 RDV","LAST_ACT":"1752861531","LAST_NUM":"Instructions...","LOGS":"\n- LOG [ In INSTRUCTIONS 2 RDV page ]\n- LOG [ In INSTRUCTIONS 2 RDV page ]\n+ INST 2 RDV [ Day: Vendredi 18\/07 Hour: 08:00 ] \n- LOG [ In INSTRUCTIONS 2 RDV page ]\n- LOG [ In INSTRUCTIONS 2 RDV page ]\n- LOG [ In INSTRUCTIONS 2 RDV page ]\n- LOG [ In INSTRUCTIONS 2 RDV page ]\n+ NOTIFICATiON [ CONTINUE ONLINE SELECTED! ] \n- LOG [ In INSTRUCTIONS 2 RDV page ]\n- LOG [ In INSTRUCTIONS 2 RDV page ]\n- LOG [ In INSTRUCTIONS 2 RDV page ]"}